cow_number,shed_code,intake_date,gender,origin_region,status
1499801864,0111,2024-02-02,castrated,関,active
1672116808,0111,2024-02-16,castrated,北海道,active
1583519477,0110,2024-06-29,castrated,曽於,active
0873831725,独房10,2023-11-29,castrated,自家,active
0873831862,独房8,2024-08-13,female,自家,active
1375633374,独房10,2024-08-03,female,曽於,active
1689068879,独房11,2024-11-02,castrated,曽於,active
1659496893,0110,2024-05-21,castrated,北海道,active
1679300026,1306,2023-12-16,castrated,北海道,active
1678700148,1205,2024-05-18,castrated,北海道,active
1682000890,1106,2024-06-14,castrated,北海道,active
1463801135,1402,2023-12-16,castrated,北海道,active
1679101265,1205,2024-05-18,castrated,北海道,active
1386001476,1311,2024-10-04,castrated,関,active
1482002056,1301,2024-10-04,castrated,関,active
1482002063,1301,2024-10-04,castrated,関,active
1482002070,1301,2024-10-04,castrated,関,active
1700402088,1307,2024-11-30,castrated,曽於,active
1482002117,1301,2024-10-04,castrated,関,active
1482002124,1311,2024-10-04,castrated,関,active
1482002148,1311,2024-10-04,castrated,関,active
1671402421,1308,2024-10-11,castrated,北海道,active
1400702471,1308,2024-10-11,castrated,北海道,active
1394503177,1106,2024-06-14,castrated,北海道,active
1569503414,1102,2024-09-07,castrated,飛騨,active
1688303728,1208,2023-12-24,castrated,曽於,active
1688304268,1408,2023-12-02,castrated,曽於,active
1398704822,1204,2024-09-13,castrated,北海道,active
1671605280,1104,2023-12-24,castrated,曽於,active
0866805603,1407,2023-12-16,castrated,北海道,active
1700405720,1305,2024-11-30,castrated,曽於,active
1516205903,1102,2024-09-07,castrated,飛騨,active
1678606846,1205,2024-05-18,castrated,北海道,active
1475507414,1310,2024-12-13,castrated,北海道,active
1671507560,1202,2023-11-17,castrated,北海道,active
1671507584,1202,2023-11-17,castrated,北海道,active
1603807911,1403,2024-09-13,castrated,北海道,active
1603807942,1404,2025-02-15,castrated,北海道,active
0875408093,1107,2024-03-05,castrated,飛騨,active
0875408109,1107,2024-03-05,castrated,飛騨,active
1594408128,1409,2024-01-19,castrated,北海道,active
1634508382,1402,2023-12-16,castrated,北海道,active
1662508781,1205,2024-05-18,castrated,北海道,active
1411008883,1107,2024-03-05,castrated,飛騨,active
1669609054,1203,2024-11-15,castrated,北海道,active
1694709385,1303,2025-02-15,castrated,北海道,active
0873509501,1102,2024-09-07,castrated,飛騨,active
0873509914,1305,2024-11-02,castrated,飛騨,active
0873509983,1305,2024-11-02,castrated,飛騨,active
1687410960,1401,2023-10-29,castrated,曽於,active
1670411165,1103,2024-10-11,castrated,北海道,active
1670411202,1410,2024-11-15,castrated,北海道,active
1667811329,1103,2024-10-11,castrated,北海道,active
1680011386,1203,2024-11-15,castrated,北海道,active
1687411462,1401,2023-10-29,castrated,曽於,active
1652311643,1108,2024-01-19,castrated,北海道,active
1675611669,1206,2024-08-09,castrated,北海道,active
1649111911,1308,2024-10-11,castrated,北海道,active
1669712082,1310,2024-12-13,castrated,北海道,active
1688312393,1406,2024-04-29,castrated,曽於,active
1687412544,1408,2023-12-02,castrated,曽於,active
1649312639,1404,2025-02-15,castrated,北海道,active
1680812907,1304,2024-06-14,castrated,北海道,active
1687413701,1208,2023-12-24,castrated,曽於,active
1602914436,1410,2024-11-15,castrated,北海道,active
1574014479,1206,2024-08-09,castrated,北海道,active
1560514792,1107,2024-03-05,castrated,飛騨,active
1690515256,1102,2024-09-07,castrated,飛騨,active
1555015358,1207,2024-04-12,castrated,北海道,active
1583516131,1105,2024-02-29,castrated,曽於,active
1494417459,1201,2023-11-17,castrated,北海道,active
1691418655,1303,2025-02-15,castrated,北海道,active
1525418813,1207,2024-04-12,castrated,北海道,active
1640019384,1102,2024-09-07,castrated,飛騨,active
0875019732,1410,2024-11-15,castrated,北海道,active
1524719928,1305,2024-11-02,castrated,飛騨,active
1458720243,1202,2023-11-21,castrated,北海道,active
0875120421,1106,2024-06-14,castrated,北海道,active
1460320974,1202,2023-11-21,castrated,北海道,active
1467020990,1204,2024-09-13,castrated,北海道,active
1698521716,1310,2024-12-13,castrated,北海道,active
1553021993,1105,2024-02-29,castrated,曽於,active
0873922164,1201,2023-11-17,castrated,北海道,active
1525622586,1204,2024-09-13,castrated,北海道,active
1666024898,1409,2024-01-19,castrated,北海道,active
1429826189,1308,2024-10-11,castrated,北海道,active
1597126449,1104,2023-12-24,castrated,曽於,active
1689026985,1204,2024-09-13,castrated,北海道,active
1442927405,1206,2024-08-09,castrated,北海道,active
1644827701,1403,2024-09-13,castrated,北海道,active
1597127842,1104,2023-12-24,castrated,曽於,active
0875029292,1206,2024-08-09,castrated,北海道,active
1673829820,1205,2024-05-18,castrated,北海道,active
0864230063,1304,2024-06-14,castrated,北海道,active
1383730164,1409,2024-01-19,castrated,北海道,active
1421630562,1207,2024-04-12,castrated,北海道,active
0875430667,1303,2025-02-15,castrated,北海道,active
0869631520,1101,2023-02-23,castrated,自家,active
0869631537,1101,2023-03-03,castrated,自家,active
0873831732,1301,2024-01-23,castrated,自家,active
1553031886,1309,2024-06-29,castrated,曽於,active
1553033958,1406,2024-04-29,castrated,曽於,active
1421033998,1406,2024-04-29,castrated,曽於,active
1679635586,1411,2024-09-13,castrated,北海道,active
1385036059,1101,2023-11-07,castrated,飛騨,active
1416836702,1106,2024-06-14,castrated,北海道,active
1372337626,1203,2024-11-15,castrated,北海道,active
1691737664,1203,2024-11-15,castrated,北海道,active
1421038153,1405,2024-06-01,castrated,曽於,active
1553039356,1406,2024-04-29,castrated,曽於,active
1683543075,1411,2024-09-13,castrated,北海道,active
1658443652,1404,2025-02-15,castrated,北海道,active
1656344203,1407,2023-12-16,castrated,北海道,active
1664444223,1407,2023-12-16,castrated,北海道,active
1400044342,1105,2024-02-29,castrated,曽於,active
0867544686,1207,2024-04-12,castrated,北海道,active
1403045292,1302,2024-09-28,castrated,曽於,active
1403045308,1302,2024-09-28,castrated,曽於,active
1553049331,1302,2024-09-28,castrated,曽於,active
1687449632,1305,2024-11-02,castrated,飛騨,active
1442051179,1407,2023-12-16,castrated,北海道,active
1380051552,1104,2023-12-24,castrated,曽於,active
1659952887,1103,2024-11-15,castrated,北海道,active
1428453225,1411,2024-09-13,castrated,北海道,active
1658453354,1405,2024-06-01,castrated,曽於,active
1669053536,1206,2024-08-09,castrated,北海道,active
1632155588,1201,2023-11-17,castrated,北海道,active
1686856103,1308,2024-10-11,castrated,北海道,active
1658457741,1105,2024-02-29,castrated,曽於,active
1658458342,1309,2024-06-29,castrated,曽於,active
1673858547,1402,2023-12-16,castrated,北海道,active
1399059174,1401,2023-10-29,castrated,曽於,active
1393359973,1407,2023-12-16,castrated,北海道,active
1399060552,1408,2023-12-02,castrated,曽於,active
1553060718,1405,2024-06-01,castrated,曽於,active
1440461994,1403,2024-09-13,castrated,北海道,active
1690362096,1310,2024-12-13,castrated,北海道,active
1659262627,1311,2024-10-04,castrated,関,active
1656163019,1201,2023-11-17,castrated,北海道,active
1371463067,1108,2024-01-19,castrated,北海道,active
1606963157,1103,2024-10-11,castrated,北海道,active
1682064502,1403,2024-09-13,castrated,北海道,active
1668564576,1304,2024-06-14,castrated,北海道,active
1639365584,1203,2024-11-15,castrated,北海道,active
1357766137,1403,2024-09-13,castrated,北海道,active
1633166231,1106,2024-06-14,castrated,北海道,active
0874567968,1108,2024-01-19,castrated,北海道,active
1407668060,1306,2023-12-16,castrated,北海道,active
1553068318,1307,2024-11-30,castrated,曽於,active
1371468666,1408,2023-12-02,castrated,曽於,active
1392071333,1101,2023-11-07,castrated,飛騨,active
1460771554,1307,2024-11-30,castrated,曽於,active
1669471576,1107,2024-03-05,castrated,飛騨,active
1645371746,1304,2024-06-14,castrated,北海道,active
1428471939,1405,2024-06-01,castrated,曽於,active
0874272381,1201,2023-11-17,castrated,北海道,active
1390072813,1411,2024-09-13,castrated,北海道,active
1680273777,1307,2024-11-30,castrated,曽於,active
1664374704,1410,2024-11-15,castrated,北海道,active
1683174743,1311,2024-10-04,castrated,関,active
1687475839,1401,2023-10-29,castrated,曽於,active
1388276544,1309,2024-06-29,castrated,曽於,active
1388277428,1405,2024-06-01,castrated,曽於,active
1509977626,1108,2024-01-19,castrated,北海道,active
1441478298,1207,2024-04-12,castrated,北海道,active
0870578579,1103,2024-11-15,castrated,北海道,active
1388278739,1302,2024-09-28,castrated,曽於,active
1687479561,1105,2024-02-29,castrated,曽於,active
1388280824,1302,2024-09-28,castrated,曽於,active
1655980976,1303,2025-02-15,castrated,北海道,active
1687481649,1208,2023-12-24,castrated,曽於,active
1420983348,1408,2023-12-02,castrated,曽於,active
1380987004,1410,2024-11-15,castrated,北海道,active
1614288051,1409,2024-01-19,castrated,北海道,active
1431388118,1406,2024-04-29,castrated,曽於,active
0874588505,1411,2024-09-13,castrated,北海道,active
0863890534,1306,2023-12-16,castrated,北海道,active
1431390869,1309,2024-06-29,castrated,曽於,active
1655891401,1404,2025-02-15,castrated,北海道,active
0872592191,1404,2025-02-15,castrated,北海道,active
1388193285,1401,2023-10-29,castrated,曽於,active
1685995407,1104,2023-12-24,castrated,曽於,active
1659995723,1204,2024-09-13,castrated,北海道,active
0873996233,1306,2023-12-16,castrated,北海道,active
0874997109,1304,2024-06-14,castrated,北海道,active
0875598237,1303,2025-02-15,castrated,北海道,active
1396498396,1409,2024-01-19,castrated,北海道,active
1388198518,1208,2023-12-24,castrated,曽於,active
1399298696,1310,2024-12-13,castrated,北海道,active
0874098820,1306,2023-12-16,castrated,北海道,active
1490699392,1402,2023-12-16,castrated,北海道,active
1363699764,1402,2023-12-16,castrated,北海道,active
1659299883,1108,2024-01-19,castrated,北海道,active
1668700233,2110,2024-04-12,castrated,北海道,active
1671200416,2102,2024-04-12,castrated,北海道,active
1682400447,2104,2024-07-12,castrated,北海道,active
1648600461,2214,2024-08-09,castrated,北海道,active
1648600621,2115,2024-10-11,castrated,北海道,active
1689100968,2206,2024-08-09,castrated,北海道,active
1693501157,2205,2024-10-11,castrated,北海道,active
1390501863,2113,2024-05-11,castrated,飛騨,active
1686302457,2213,2024-04-12,castrated,北海道,active
1674402626,2203,2024-04-12,castrated,北海道,active
1617202771,2204,2025-03-14,castrated,北海道,active
1491103010,2113,2024-05-11,castrated,飛騨,active
1491103027,2113,2024-05-11,castrated,飛騨,active
1697104071,2204,2025-03-14,castrated,北海道,active
1458804684,2116,2025-03-14,castrated,北海道,active
1667104704,2214,2024-08-09,castrated,北海道,active
1683106102,2205,2024-10-11,castrated,北海道,active
1685007179,2216,2025-04-18,castrated,北海道,active
1661607256,2201,2024-03-15,castrated,北海道,active
1673609033,2114,2024-07-12,castrated,北海道,active
1696509433,2105,2025-03-14,castrated,北海道,active
1692509970,2206,2024-08-09,castrated,北海道,active
1660510908,2212,2024-01-19,castrated,北海道,active
1657111958,2206,2024-08-09,castrated,北海道,active
1669912116,2114,2024-07-12,castrated,北海道,active
1649312660,2210,2025-03-14,castrated,北海道,active
1638012816,2211,2024-08-09,castrated,北海道,active
1627313108,2105,2025-03-14,castrated,北海道,active
1609113795,2106,2024-07-12,castrated,北海道,active
1596913842,2205,2024-10-11,castrated,北海道,active
0864915496,2108,2025-03-14,castrated,北海道,active
1545215553,2110,2024-04-12,castrated,北海道,active
1555217141,2114,2024-07-12,castrated,北海道,active
1523517365,2101,2024-07-12,castrated,北海道,active
1523517372,2209,2024-08-09,castrated,北海道,active
1631917392,2202,2024-12-13,castrated,北海道,active
1686017689,2211,2024-08-09,castrated,北海道,active
1507517725,2105,2025-03-14,castrated,北海道,active
1534217995,2101,2024-07-12,castrated,北海道,active
1522018139,2107,2024-08-09,castrated,北海道,active
1518818163,2210,2025-03-14,castrated,北海道,active
1513318170,2115,2024-10-11,castrated,北海道,active
1679418837,2216,2025-04-18,castrated,北海道,active
1679418844,2105,2025-03-14,castrated,北海道,active
1673818992,2204,2025-03-14,castrated,北海道,active
1664619386,2101,2023-10-13,castrated,北海道,active
1467021188,2202,2024-12-13,castrated,北海道,active
1512925584,2114,2024-07-12,castrated,北海道,active
1669526870,2108,2025-03-14,castrated,北海道,active
1674226970,2111,2024-03-15,castrated,北海道,active
1421628583,2207,2024-03-15,castrated,北海道,active
0873428673,2203,2024-04-12,castrated,北海道,active
0873428680,2215,2024-04-12,castrated,北海道,active
1669029357,2205,2024-10-11,castrated,北海道,active
1375631547,2112,2024-06-29,castrated,曽於,active
1421633112,2106,2024-07-12,castrated,北海道,active
1396934016,2213,2024-04-12,castrated,北海道,active
1693535176,2115,2024-10-11,castrated,北海道,active
1646935558,2207,2024-03-15,castrated,北海道,active
1553035969,2112,2024-06-29,castrated,曽於,active
1680036686,2108,2025-03-14,castrated,北海道,active
0865739916,2104,2024-07-12,castrated,北海道,active
1421640134,2109,2025-03-14,castrated,北海道,active
1684040467,2106,2024-07-12,castrated,北海道,active
1670041898,2215,2024-04-12,castrated,北海道,active
1615242328,2107,2024-08-09,castrated,北海道,active
1696242583,2107,2024-08-09,castrated,北海道,active
1679342873,2215,2024-04-12,castrated,北海道,active
1693543164,2202,2024-12-13,castrated,北海道,active
1655343757,2212,2024-01-19,castrated,北海道,active
0867544969,2209,2024-08-09,castrated,北海道,active
1675146581,2104,2024-07-12,castrated,北海道,active
1432847584,2211,2024-08-09,castrated,北海道,active
1655749924,2111,2024-03-15,castrated,北海道,active
1540650724,2215,2024-04-12,castrated,北海道,active
1540651349,2213,2024-04-12,castrated,北海道,active
1678754400,2102,2024-04-12,castrated,北海道,active
1673855386,2110,2024-04-12,castrated,北海道,active
1659455760,2207,2024-03-15,castrated,北海道,active
1659455791,2201,2024-03-15,castrated,北海道,active
1659455807,2102,2024-04-12,castrated,北海道,active
1686856226,2216,2025-04-18,castrated,北海道,active
1389156456,2212,2024-01-19,castrated,北海道,active
1394258053,2104,2024-07-12,castrated,北海道,active
1398058284,2213,2024-04-12,castrated,北海道,active
1427759175,2111,2024-03-15,castrated,北海道,active
1686762046,2116,2025-03-14,castrated,北海道,active
1509663932,2206,2024-08-09,castrated,北海道,active
1645864750,2116,2025-03-14,castrated,北海道,active
1621565152,2216,2025-04-18,castrated,北海道,active
1553065775,2112,2024-06-29,castrated,曽於,active
1690766597,2109,2025-02-15,castrated,北海道,active
1425767394,2116,2025-03-14,castrated,北海道,active
1647268662,2111,2024-03-15,castrated,北海道,active
1647268686,2201,2024-03-15,castrated,北海道,active
1690769338,2115,2024-10-11,castrated,北海道,active
1367771107,2102,2024-04-12,castrated,北海道,active
1669471644,2113,2024-05-11,castrated,飛騨,active
0875272113,2107,2024-08-09,castrated,北海道,active
1630472397,2203,2024-04-12,castrated,北海道,active
1681675273,2101,2024-07-12,castrated,北海道,active
1690476113,2214,2024-08-09,castrated,北海道,active
1661576293,2209,2024-08-09,castrated,北海道,active
0876881840,2109,2025-02-15,castrated,北海道,active
1668782413,2201,2024-03-15,castrated,北海道,active
1521083091,2109,2025-02-15,castrated,北海道,active
1673486757,2203,2024-04-12,castrated,北海道,active
1681687436,2108,2025-03-14,castrated,北海道,active
1673489307,2106,2024-07-12,castrated,北海道,active
0873389592,2212,2024-01-19,castrated,北海道,active
0874691298,2211,2024-08-09,castrated,北海道,active
0872592573,2210,2025-03-14,castrated,北海道,active
1431392795,2112,2024-06-29,castrated,曽於,active
1669493189,2204,2025-03-14,castrated,北海道,active
1669493233,2210,2025-03-14,castrated,北海道,active
1407694434,2202,2024-12-13,castrated,北海道,active
1674396741,2110,2024-04-12,castrated,北海道,active
1396498532,2101,2024-07-12,castrated,北海道,active
0874099537,2209,2024-08-09,castrated,北海道,active
1682400553,3301,2024-12-13,castrated,北海道,active
1608800726,3407,2024-12-13,castrated,北海道,active
1499801796,3109,2023-12-02,female,関,active
1499801802,3109,2023-12-02,female,関,active
1499801833,3104,2024-02-02,female,関,active
1499801871,3104,2024-02-02,female,関,active
1680702000,3107,2024-06-07,castrated,関,active
1394402074,3110,2023-11-17,castrated,北海道,active
1674402145,3406,2024-02-16,castrated,北海道,active
1661802156,3201,2024-02-16,castrated,北海道,active
1482002186,3204,2024-12-07,female,関,active
1482002209,3204,2024-12-07,female,関,active
1677402210,3204,2024-12-07,female,関,active
1394402296,3309,2024-02-16,castrated,北海道,active
1501702592,3201,2024-02-16,castrated,北海道,active
1700403498,3401,2024-11-02,castrated,曽於,active
1374404265,3409,2023-11-17,castrated,北海道,active
1362204686,3304,2024-01-06,castrated,飛騨,active
1671604863,3406,2024-01-19,castrated,北海道,active
1664005974,3101,2024-03-15,castrated,北海道,active
1617906273,3309,2024-02-16,castrated,北海道,active
1652706425,3301,2024-12-13,castrated,北海道,active
1669206932,3404,2025-02-19,female,北海道,active
1684707339,3101,2024-03-15,castrated,北海道,active
1669007720,3309,2024-02-16,castrated,北海道,active
1673008621,3303,2025-02-19,female,北海道,active
0875408918,3107,2024-06-07,castrated,関,active
1664809213,3209,2024-03-15,castrated,北海道,active
1598009628,3106,2024-02-16,castrated,北海道,active
1688309652,3403,2023-10-29,female,曽於,active
1658310770,3307,2024-01-19,castrated,北海道,active
1638012717,3108,2024-06-14,castrated,北海道,active
1694112949,3105,2025-02-07,castrated,関,active
1688313086,3408,2024-08-03,female,曽於,active
1568813927,3108,2024-06-14,castrated,北海道,active
1687414227,3306,2024-02-29,castrated,曽於,active
0875915003,3105,2025-02-07,castrated,関,active
1558216257,3404,2025-02-19,female,北海道,active
1656316408,3403,2023-10-29,female,曽於,active
1524616418,3203,2025-01-17,castrated,北海道,active
1616816511,3409,2023-11-17,castrated,北海道,active
1570016668,3303,2025-02-19,female,北海道,active
1494417367,3409,2023-11-17,castrated,北海道,active
1676417604,3304,2024-01-06,castrated,飛騨,active
1526517607,3301,2024-12-13,castrated,北海道,active
1676417734,3304,2024-01-06,castrated,飛騨,active
1534217902,3210,2024-05-18,castrated,北海道,active
1474218700,3110,2023-11-17,castrated,北海道,active
1524718822,3107,2024-06-07,castrated,関,active
1524718877,3107,2024-06-07,castrated,関,active
0873918884,3307,2024-01-19,castrated,北海道,active
1578619410,3204,2024-12-07,female,関,active
0875520085,3303,2025-02-19,female,北海道,active
1692920720,3404,2025-02-19,female,北海道,active
1704020738,3105,2025-02-07,castrated,関,active
1467021195,3407,2024-12-13,castrated,北海道,active
1649421652,3407,2025-01-17,castrated,北海道,active
1692621894,3301,2024-12-13,castrated,北海道,active
1553022198,3208,2024-03-30,castrated,曽於,active
1455422355,3404,2025-02-19,female,北海道,active
0874322680,3405,2023-12-16,castrated,北海道,active
1553024970,3202,2024-02-03,castrated,曽於,active
1375626000,3206,2024-11-30,female,曽於,active
1471626386,3203,2025-01-17,castrated,北海道,active
1553027360,3402,2024-03-30,castrated,曽於,active
1691528316,3404,2025-02-19,female,北海道,active
0875228882,3108,2024-06-14,castrated,北海道,active
1375629254,3103,2024-11-02,female,曽於,active
1553030018,3306,2024-02-29,castrated,曽於,active
1421030119,3207,2024-02-29,female,曽於,active
1597830223,3108,2024-06-14,castrated,北海道,active
1375630274,3205,2024-11-30,female,曽於,active
1693730755,3407,2024-12-13,castrated,北海道,active
1421031413,3306,2024-02-29,castrated,曽於,active
0863431676,3107,2023-09-26,castrated,自家,active
1421031888,3306,2024-02-29,castrated,曽於,active
1421031994,3207,2024-02-29,female,曽於,active
1553032081,3102,2024-06-01,female,曽於,active
1553032135,3305,2024-06-29,female,曽於,active
1375632186,3305,2024-06-29,female,曽於,active
1591932244,3210,2024-05-18,castrated,北海道,active
1400032271,3208,2024-03-30,castrated,曽於,active
1553033507,3402,2024-03-30,castrated,曽於,active
1553034122,3208,2024-03-30,castrated,曽於,active
1421034421,3208,2024-03-30,castrated,曽於,active
1421034667,3402,2024-03-30,castrated,曽於,active
1553035051,3402,2024-03-30,castrated,曽於,active
1401735737,3203,2025-01-17,castrated,北海道,active
1416836405,3309,2024-02-16,castrated,北海道,active
1421038047,3102,2024-06-01,female,曽於,active
1553041342,3205,2024-11-30,female,曽於,active
1666042793,3106,2024-02-16,castrated,北海道,active
1553043575,3103,2024-11-02,female,曽於,active
1553043858,3308,2024-08-31,castrated,曽於,active
1615244377,3405,2023-12-16,castrated,北海道,active
1403045476,3302,2024-11-02,castrated,曽於,active
0873945576,3110,2023-11-17,castrated,北海道,active
1679345805,3201,2024-02-16,castrated,北海道,active
1679446014,3408,2024-07-06,female,飛騨,active
1553046033,3308,2024-08-31,castrated,曽於,active
1503446074,3106,2024-02-16,castrated,北海道,active
1681446576,3203,2025-01-17,castrated,北海道,active
1553046835,3302,2024-11-02,castrated,曽於,active
1553046866,3401,2024-11-02,castrated,曽於,active
1403047470,3308,2024-08-31,castrated,曽於,active
1400047565,3305,2024-06-29,female,曽於,active
1661548146,3106,2024-02-16,castrated,北海道,active
1658449890,3402,2024-03-30,castrated,曽於,active
1658450773,3208,2024-03-30,castrated,曽於,active
1403050975,3302,2024-11-02,castrated,曽於,active
1669451257,3405,2023-12-16,castrated,北海道,active
1403052566,3206,2024-11-30,female,曽於,active
1473852721,3104,2024-02-02,female,関,active
1421753100,3105,2025-02-07,castrated,関,active
1674353225,3109,2023-12-02,female,関,active
1403053266,3205,2024-11-30,female,曽於,active
1678754363,3309,2024-02-16,castrated,北海道,active
1658455785,3202,2024-02-03,castrated,曽於,active
1658457093,3408,2024-08-03,female,曽於,active
1553057190,3103,2024-09-28,female,曽於,active
1658457413,3306,2024-02-29,castrated,曽於,active
1553057428,3205,2024-11-30,female,曽於,active
1365157439,3406,2024-02-16,castrated,北海道,active
1658457833,3207,2024-02-29,female,曽於,active
1510859447,3304,2024-01-06,castrated,飛騨,active
1689060866,3102,2024-06-01,female,曽於,active
1553060992,3206,2024-11-30,female,曽於,active
1669363178,3209,2024-03-15,castrated,北海道,active
1553063610,3401,2024-11-02,castrated,曽於,active
1692963642,3303,2025-02-19,female,北海道,active
1647764362,3409,2023-11-17,castrated,北海道,active
1689064604,3103,2024-11-02,female,曽於,active
1681465263,3108,2024-06-14,castrated,北海道,active
1689065533,3308,2024-08-31,castrated,曽於,active
1682065691,3301,2024-12-13,castrated,北海道,active
1673866252,3101,2024-03-15,castrated,北海道,active
1428466720,3202,2024-02-03,castrated,曽於,active
1689068527,3401,2024-11-02,castrated,曽於,active
1689068893,3401,2024-11-02,castrated,曽於,active
1553068905,3408,2024-08-03,female,曽於,active
1371470409,3403,2023-10-29,female,曽於,active
1638770662,3307,2024-01-19,castrated,北海道,active
1680270691,3205,2024-11-30,female,曽於,active
1680270912,3206,2024-11-30,female,曽於,active
1460771622,3302,2024-11-02,castrated,曽於,active
1680174081,3406,2024-02-16,castrated,北海道,active
0863674349,3407,2024-12-13,castrated,北海道,active
1659075647,3210,2024-05-18,castrated,北海道,active
1670175906,3203,2025-01-17,castrated,北海道,active
1388276469,3305,2024-06-29,female,曽於,active
1647376572,3209,2024-03-15,castrated,北海道,active
1388276605,3305,2024-06-29,female,曽於,active
1460776870,3206,2024-11-30,female,曽於,active
1388277589,3102,2024-06-01,female,曽於,active
1388279064,3102,2024-06-01,female,曽於,active
1365580978,3109,2023-12-02,female,関,active
1468681121,3104,2024-02-02,female,関,active
1388281432,3103,2024-11-02,female,曽於,active
1687481908,3202,2024-02-03,castrated,曽於,active
1687482721,3202,2024-02-03,castrated,曽於,active
1388282859,3408,2024-08-03,female,曽於,active
0873285245,3104,2024-03-05,female,飛騨,active
1687485494,3207,2024-02-29,female,曽於,active
1377485988,3209,2024-03-15,castrated,北海道,active
1662186286,3101,2024-03-15,castrated,北海道,active
1670086547,3201,2024-02-16,castrated,北海道,active
1688386622,3210,2024-05-18,castrated,北海道,active
1536188668,3109,2023-12-02,female,関,active
0873389202,3110,2023-11-17,castrated,北海道,active
0873389509,3405,2023-12-16,castrated,北海道,active
1670189873,3105,2025-01-11,castrated,飛騨,active
1620091164,3210,2024-05-18,castrated,北海道,active
1365191716,3303,2025-02-19,female,北海道,active
1670194914,3204,2024-12-07,female,関,active
1685997609,3207,2024-02-29,female,曽於,active
1388197610,3403,2023-10-29,female,曽於,active
1388197696,3403,2023-10-29,female,曽於,active
1628297759,3406,2024-01-19,castrated,北海道,active
1675798018,3304,2024-01-06,castrated,飛騨,active
1674098188,3209,2024-03-15,castrated,北海道,active
1431398636,3308,2024-08-31,castrated,曽於,active
1581499450,3307,2024-01-19,castrated,北海道,active
1413599990,3101,2024-03-15,castrated,北海道,active
1581400166,4117,2025-06-13,castrated,北海道,active
1698000266,4115,2025-06-13,castrated,北海道,active
1661600431,4114,2025-04-18,castrated,北海道,active
1457500501,4215,2025-05-16,castrated,北海道,active
1676101138,4207,2025-02-07,female,関,active
1375901237,4212,2025-03-08,female,飛騨,active
1686101333,4217,2025-05-16,castrated,北海道,active
1674501411,4215,2025-05-16,castrated,北海道,active
1592201479,4114,2025-04-18,castrated,北海道,active
1693101562,4102,2025-05-10,female,飛騨,active
1367601596,4103,2025-05-10,castrated,飛騨,active
1367601602,4103,2025-05-10,castrated,飛騨,active
1685001641,4211,2025-06-06,castrated,関,active
1677402289,4206,2025-02-07,female,関,active
1677402302,4208,2025-02-07,castrated,関,active
1677402319,4206,2025-02-07,female,関,active
1677402326,4206,2025-02-07,female,関,active
1677402333,4109,2025-04-04,castrated,関,active
1361802401,4109,2025-04-04,castrated,関,active
1361802418,4101,2025-04-04,female,関,active
1640802429,4204,2025-04-04,female,関,active
1710302439,4111,2025-04-27,castrated,曽於,active
1361802449,4210,2025-06-06,castrated,関,active
1361802456,4210,2025-06-06,castrated,関,active
1341902527,4107,2025-05-10,female,飛騨,active
1368803180,4115,2025-06-13,castrated,北海道,active
1345003473,4217,2025-05-16,castrated,北海道,active
1699903733,4117,2025-06-13,castrated,北海道,active
1655804111,4107,2025-05-10,female,飛騨,active
1614904333,4115,2025-06-13,castrated,北海道,active
0877106461,4106,2025-04-04,castrated,関,active
1571107303,4217,2025-05-16,castrated,北海道,active
1447907525,4115,2025-01-17,castrated,北海道,active
1710208878,4202,2025-06-01,castrated,曽於,active
1710209066,4203,2025-06-01,castrated,曽於,active
1700709538,4201,2025-03-08,female,飛騨,active
1589209730,4215,2025-05-16,castrated,北海道,active
0870209763,4214,2025-05-20,castrated,北海道,active
1697809914,4115,2025-06-13,castrated,北海道,active
0875910848,4106,2025-04-04,castrated,関,active
0875910916,4106,2025-03-08,castrated,飛騨,active
1695411119,4117,2025-06-13,castrated,北海道,active
1700411288,4110,2025-04-27,castrated,曽於,active
0877111656,4211,2025-06-06,castrated,関,active
0877111724,4211,2025-06-06,castrated,関,active
1694311984,4201,2025-03-08,female,飛騨,active
1669712303,4215,2025-05-16,castrated,北海道,active
1643512387,4117,2025-06-13,castrated,北海道,active
1656212410,4115,2025-06-13,castrated,北海道,active
1627313177,4115,2025-06-13,castrated,北海道,active
1625513777,4117,2025-06-13,castrated,北海道,active
1675613960,4117,2025-06-13,castrated,北海道,active
1642114100,4203,2025-06-01,castrated,曽於,active
1583014910,4115,2025-06-13,castrated,北海道,active
1591315344,4105,2025-04-04,female,関,active
1591315351,4101,2025-04-04,female,関,active
1591315368,4107,2025-05-10,female,飛騨,active
0875915386,4106,2025-04-04,castrated,関,active
1564315722,4217,2025-05-16,castrated,北海道,active
1699316885,4115,2025-06-13,castrated,北海道,active
1530917110,4117,2025-06-13,castrated,北海道,active
1524719492,4103,2024-10-04,female,関,active
1507319893,4117,2025-04-18,castrated,北海道,active
1530520143,4214,2025-05-20,castrated,北海道,active
1452520399,4117,2025-06-13,castrated,北海道,active
1704020813,4207,2025-02-07,female,関,active
1704020998,4205,2025-03-08,castrated,飛騨,active
1704021001,4108,2025-03-08,female,飛騨,active
1704121107,4205,2025-03-08,castrated,飛騨,active
1371521132,4215,2025-05-16,castrated,北海道,active
1704121275,4104,2025-05-10,castrated,飛騨,active
1704121282,4104,2025-05-10,castrated,飛騨,active
1707022197,4209,2025-06-06,female,関,active
1707022227,4210,2025-06-06,castrated,関,active
1707022234,4209,2025-06-06,female,関,active
1707022241,4209,2025-06-06,female,関,active
1567622797,4217,2025-05-16,castrated,北海道,active
1657422955,4213,2025-03-14,castrated,北海道,active
0876223541,4113,2025-04-18,castrated,北海道,active
1693523807,4217,2025-05-16,castrated,北海道,active
1698524489,4117,2025-06-13,castrated,北海道,active
1687326124,4217,2025-05-16,castrated,北海道,active
0870826991,4215,2025-05-16,castrated,北海道,active
1708127297,4111,2025-04-27,castrated,曽於,active
1690928087,4102,2025-05-10,female,飛騨,active
0875431268,4217,2025-05-16,castrated,北海道,active
0873831831,4206,2024-06-04,female,自家,active
0873831848,4205,2024-07-14,castrated,自家,active
0873831855,4204,2024-07-26,female,自家,active
1700735780,4103,2025-05-10,castrated,飛騨,active
1401735812,4115,2025-06-13,castrated,北海道,active
1673536278,4205,2025-03-08,castrated,飛騨,active
1598136355,4217,2025-05-16,castrated,北海道,active
1680036792,4215,2025-05-16,castrated,北海道,active
1366837945,4111,2025-04-27,castrated,曽於,active
1386838010,4202,2025-06-01,castrated,曽於,active
1681740728,4208,2025-03-08,castrated,飛騨,active
1681642459,4105,2025-04-04,female,関,active
1704242499,4210,2025-06-06,castrated,関,active
1704242512,4209,2025-06-06,female,関,active
1404543162,4101,2025-04-04,female,関,active
0871945158,4217,2025-05-16,castrated,北海道,active
1702946498,4215,2025-05-16,castrated,北海道,active
1352349090,4105,2025-04-04,female,関,active
1352349106,4109,2025-04-04,castrated,関,active
1656349222,4101,2025-04-04,female,関,active
1679649354,4207,2025-01-11,female,飛騨,active
1691949654,4212,2025-03-08,female,飛騨,active
1691949678,4102,2025-05-10,female,飛騨,active
1687449748,4201,2025-03-08,female,飛騨,active
1687449779,4109,2025-04-04,castrated,関,active
1686749955,4210,2025-06-06,castrated,関,active
1391150671,4214,2025-05-20,castrated,北海道,active
1596350876,4117,2025-06-13,castrated,北海道,active
1689051505,4213,2025-03-14,castrated,北海道,active
1673451786,4215,2025-05-16,castrated,北海道,active
1673451892,4117,2025-06-13,castrated,北海道,active
1695253702,4214,2025-05-20,castrated,北海道,active
1680153895,4117,2025-06-13,castrated,北海道,active
1403054157,4114,2025-04-27,female,曽於,active
1695254198,4102,2025-05-10,female,飛騨,active
1648755000,4209,2025-06-06,female,関,active
0875456926,4215,2025-05-16,castrated,北海道,active
1659956953,4103,2025-05-10,castrated,飛騨,active
1383358726,4208,2025-02-07,castrated,関,active
1697760413,4207,2025-02-07,female,関,active
1442360868,4201,2025-06-01,female,曽於,active
1601762120,4201,2025-03-08,female,飛騨,active
1695262728,4104,2025-05-10,castrated,飛騨,active
1690763251,4209,2025-06-06,female,関,active
1442363265,4203,2025-06-01,castrated,曽於,active
1442363302,4202,2025-06-01,castrated,曽於,active
1442364088,4110,2025-04-27,castrated,曽於,active
1442364231,4114,2025-04-27,female,曽於,active
1690764456,4214,2025-05-20,castrated,北海道,active
1442364521,4203,2025-06-01,castrated,曽於,active
1442364736,4110,2025-04-27,castrated,曽於,active
1622765070,4204,2025-03-08,female,飛騨,active
1442365467,4111,2025-04-27,castrated,曽於,active
1442366440,4202,2025-06-01,castrated,曽於,active
1442366594,4201,2025-06-01,female,曽於,active
1587967274,4117,2025-06-13,castrated,北海道,active
1678772046,4108,2025-03-08,female,飛騨,active
1678772053,4208,2025-03-08,castrated,飛騨,active
1476872078,4108,2025-03-08,female,飛騨,active
1678772084,4205,2025-03-08,castrated,飛騨,active
1476872092,4101,2025-05-10,female,飛騨,active
1678772114,4212,2025-03-08,female,飛騨,active
1684073557,4206,2025-03-08,female,飛騨,active
1684073564,4201,2025-03-08,female,飛騨,active
1460773671,4203,2025-06-01,castrated,曽於,active
1689074078,4212,2025-03-08,female,飛騨,active
1687474733,4113,2025-04-18,castrated,北海道,active
1664374957,4213,2025-03-14,castrated,北海道,active
1690375096,4102,2025-05-10,female,飛騨,active
1670175968,4114,2025-04-18,castrated,北海道,active
1676477363,4104,2025-04-04,castrated,関,active
1676477394,4211,2025-06-06,castrated,関,active
1460779031,4111,2025-04-27,castrated,曽於,active
1680280843,4110,2025-04-27,castrated,曽於,active
1680280911,4114,2025-04-27,female,曽於,active
1670080989,4109,2025-04-04,castrated,関,active
1680281185,4114,2025-04-27,female,曽於,active
1699382149,4103,2025-05-10,castrated,飛騨,active
1699382200,4211,2025-06-06,castrated,関,active
0872186048,4207,2025-02-07,female,関,active
0872186178,4104,2025-05-10,castrated,飛騨,active
1460787227,4201,2025-06-01,female,曽於,active
1456087539,4117,2025-01-17,castrated,北海道,active
1659987780,4212,2025-03-08,female,飛騨,active
1688587821,4208,2025-02-07,castrated,関,active
1680188934,4115,2025-06-13,castrated,北海道,active
1688389036,4215,2025-05-16,castrated,北海道,active
1408189069,4217,2025-05-16,castrated,北海道,active
1656189279,4206,2024-03-05,female,飛騨,active
1690489823,4106,2025-03-08,castrated,飛騨,active
1546790288,4114,2025-04-18,castrated,北海道,active
1656190893,4108,2025-03-08,female,飛騨,active
1645090951,4107,2025-05-10,female,飛騨,active
1641491554,4217,2025-05-16,castrated,北海道,active
1678991744,4215,2025-05-16,castrated,北海道,active
1352591772,4115,2025-06-13,castrated,北海道,active
1666093047,4217,2025-05-16,castrated,北海道,active
1371594983,4114,2025-04-27,female,曽於,active
1371595003,4201,2025-06-01,female,曽於,active
1369596258,4115,2025-06-13,castrated,北海道,active
1358397248,4105,2025-04-04,female,関,active
1371597380,4202,2025-06-01,castrated,曽於,active
1371597397,4201,2025-06-01,female,曽於,active
1662198234,4108,2025-03-08,female,飛騨,active
1659498835,4105,2025-04-04,female,関,active
1371598882,4110,2025-04-27,castrated,曽於,active
1428800715,5203,2024-05-11,female,飛騨,active
1674301042,5105,2024-05-11,castrated,飛騨,active
1678701237,5118,2024-02-02,female,関,active
1693501249,5202,2024-11-15,castrated,北海道,active
1637001354,5208,2024-06-14,castrated,北海道,active
1700401487,5212,2024-09-28,female,曽於,active
1680701720,5208,2024-07-12,castrated,北海道,active
1677801785,5118,2024-02-02,female,関,active
1499801895,5203,2024-04-05,female,関,active
1680701904,5207,2024-04-05,castrated,関,active
1680701911,5207,2024-04-05,castrated,関,active
1680701928,5116,2024-04-05,castrated,関,active
1489301930,5202,2024-11-15,castrated,北海道,active
1680701935,5207,2024-04-05,castrated,関,active
1680701973,5207,2024-04-05,castrated,関,active
1680701980,5207,2024-04-05,castrated,関,active
1683502034,5214,2024-08-02,castrated,関,active
1491103188,5218,2024-07-06,castrated,飛騨,active
1491103201,5218,2024-07-06,castrated,飛騨,active
1491103218,5101,2024-08-02,female,関,active
1393203474,5201,2023-11-17,castrated,北海道,active
1569503568,5209,2024-11-02,castrated,飛騨,active
1406803684,5205,2025-01-17,castrated,北海道,active
1678203687,5115,2024-02-02,castrated,関,active
1390904190,5103,2024-11-15,castrated,北海道,active
1661904348,5108,2024-08-02,female,関,active
1688304411,5113,2024-02-03,castrated,曽於,active
1635004487,5104,2024-05-11,female,飛騨,active
1398704853,5102,2024-12-13,castrated,北海道,active
1516205811,5107,2024-05-11,castrated,飛騨,active
1652706418,5103,2024-11-15,castrated,北海道,active
1678606839,5110,2024-05-18,castrated,北海道,active
1663407137,5201,2023-11-17,castrated,北海道,active
1680107713,5106,2024-05-18,castrated,北海道,active
0874607800,5215,2024-01-06,castrated,飛騨,active
0875408352,5116,2024-04-05,castrated,関,active
0875408475,5105,2024-05-11,castrated,飛騨,active
1632208499,5210,2025-02-19,female,北海道,active
1631608566,5205,2025-01-17,castrated,北海道,active
0875408635,5107,2024-05-11,castrated,飛騨,active
0875408772,5105,2024-05-11,castrated,飛騨,active
0875409069,5218,2024-07-06,castrated,飛騨,active
1688309218,5112,2024-04-29,female,曽於,active
0875409236,5218,2024-07-06,castrated,飛騨,active
1687009539,5109,2024-06-14,castrated,北海道,active
1678110305,5204,2024-05-21,castrated,北海道,active
1676411046,5215,2024-01-06,castrated,飛騨,active
1665311449,5202,2025-04-18,castrated,北海道,active
1669712075,5102,2024-12-13,castrated,北海道,active
1622412394,5109,2024-06-14,castrated,北海道,active
1622412745,5210,2025-02-19,female,北海道,active
1655212916,5210,2025-02-19,female,北海道,active
1580713564,5202,2025-04-18,castrated,北海道,active
1680014806,5114,2023-09-05,castrated,飛騨,active
1553014841,5116,2024-04-05,castrated,関,active
1553014902,5104,2024-05-11,female,飛騨,active
1691414985,5103,2024-11-15,castrated,北海道,active
1680015001,5111,2024-03-05,female,飛騨,active
1553015077,5206,2024-09-07,female,飛騨,active
1553015107,5209,2024-11-02,castrated,飛騨,active
1567415283,5205,2025-01-17,castrated,北海道,active
1583515325,5217,2024-08-31,female,曽於,active
1518916944,5213,2024-11-15,castrated,北海道,active
1676417048,5114,2023-10-06,castrated,関,active
1525217164,5106,2024-05-18,castrated,北海道,active
1534117462,5205,2025-01-17,castrated,北海道,active
1676417741,5215,2024-01-06,castrated,飛騨,active
1680718254,5115,2024-02-02,castrated,関,active
1524718716,5105,2024-05-11,castrated,飛騨,active
1524719034,5216,2024-08-02,castrated,関,active
1524719386,5206,2024-09-07,female,飛騨,active
1524719836,5209,2024-11-02,castrated,飛騨,active
0875019909,5102,2024-12-13,castrated,北海道,active
1458720724,5208,2024-06-14,castrated,北海道,active
0874720936,5215,2024-01-06,castrated,飛騨,active
1553021078,5117,2024-03-30,castrated,曽於,active
0874721780,5206,2024-09-07,female,飛騨,active
1692621856,5102,2024-12-13,castrated,北海道,active
1455421945,5213,2024-11-15,castrated,北海道,active
1525622555,5208,2024-07-12,castrated,北海道,active
1527822991,5117,2024-03-30,castrated,曽於,active
0871523011,5214,2024-08-02,castrated,関,active
1446323654,5109,2024-06-14,castrated,北海道,active
0874423806,5115,2024-05-21,castrated,北海道,active
1588027885,5104,2024-05-11,female,飛騨,active
1588028080,5110,2024-05-18,castrated,北海道,active
1404428629,5103,2024-11-15,castrated,北海道,active
1421030287,5113,2024-02-03,castrated,曽於,active
0875430681,5210,2025-02-19,female,北海道,active
1553031114,5112,2024-04-29,female,曽於,active
0863431577,5118,2023-05-08,female,自家,active
0863431584,5118,2023-05-21,female,自家,active
0863431591,5115,2023-06-17,castrated,自家,active
0863431607,5115,2023-06-24,castrated,自家,active
0863431614,5203,2023-06-30,female,自家,active
0863431621,5203,2023-07-06,female,自家,active
0863431638,5104,2023-08-25,female,自家,active
0863431645,5107,2023-09-02,castrated,自家,active
0863431669,5107,2023-09-13,castrated,自家,active
0873831701,5214,2023-11-24,castrated,自家,active
0873831718,5214,2023-11-25,castrated,自家,active
1400032264,5117,2024-03-30,castrated,曽於,active
1414734178,5106,2024-05-18,castrated,北海道,active
1658434704,5206,2024-09-07,female,飛騨,active
1615938429,5204,2024-05-21,castrated,北海道,active
1440938656,5202,2024-11-15,castrated,北海道,active
0865739787,5109,2024-06-14,castrated,北海道,active
1404641042,5202,2024-11-15,castrated,北海道,active
1399141138,5201,2023-11-17,castrated,北海道,active
1669841706,5213,2024-12-13,castrated,北海道,active
1596342253,5210,2025-02-19,female,北海道,active
1391742784,5116,2024-04-05,castrated,関,active
1428442915,5202,2025-04-18,castrated,北海道,active
1553043773,5217,2024-08-31,female,曽於,active
1403043854,5216,2024-08-03,castrated,曽於,active
1553044657,5217,2024-08-31,female,曽於,active
0859645551,5106,2024-05-18,castrated,北海道,active
1403046640,5217,2024-08-31,female,曽於,active
1673846995,5203,2024-05-11,female,飛騨,active
1400047114,5211,2023-10-29,castrated,曽於,active
1676447168,5101,2024-08-02,female,関,active
1400048104,5117,2024-03-30,castrated,曽於,active
1387948688,5214,2024-08-02,castrated,関,active
1403049764,5212,2024-09-28,female,曽於,active
1688350029,5101,2024-08-02,female,関,active
1553050627,5212,2024-09-28,female,曽於,active
1658151212,5216,2024-08-02,castrated,関,active
1698551683,5202,2025-04-18,castrated,北海道,active
1658451855,5112,2024-04-29,female,曽於,active
1447652524,5202,2025-04-18,castrated,北海道,active
1473852899,5101,2024-08-02,female,関,active
1683653835,5209,2024-11-02,castrated,飛騨,active
1658454733,5112,2024-04-29,female,曽於,active
1659455890,5109,2024-06-14,castrated,北海道,active
1655559837,5111,2024-03-05,female,飛騨,active
1659162460,5118,2024-02-02,female,関,active
1587962729,5201,2023-11-17,castrated,北海道,active
1689065847,5217,2024-08-31,female,曽於,active
1689066615,5212,2024-09-28,female,曽於,active
1689067070,5212,2024-09-28,female,曽於,active
1553068837,5108,2024-08-03,female,曽於,active
1647268884,5204,2024-06-14,castrated,北海道,active
1553069117,5108,2024-08-03,female,曽於,active
1428469295,5113,2024-02-03,castrated,曽於,active
1553069926,5108,2024-08-03,female,曽於,active
0874272374,5201,2023-11-17,castrated,北海道,active
1668572915,5104,2024-05-11,female,飛騨,active
1630472984,5114,2023-10-06,castrated,関,active
1428474237,5112,2024-04-29,female,曽於,active
1681474500,5213,2024-12-13,castrated,北海道,active
1655975491,5110,2024-05-18,castrated,北海道,active
1680175538,5110,2024-05-18,castrated,北海道,active
1687475693,5211,2023-10-29,castrated,曽於,active
1365175808,5110,2024-05-18,castrated,北海道,active
1365175976,5204,2024-06-14,castrated,北海道,active
1687476423,5211,2023-10-29,castrated,曽於,active
1688478600,5202,2024-11-15,castrated,北海道,active
1659179260,5215,2024-01-06,castrated,飛騨,active
1374079449,5206,2024-09-07,female,飛騨,active
1374079487,5209,2024-11-02,castrated,飛騨,active
1388280251,5108,2024-08-03,female,曽於,active
1468681213,5111,2024-03-05,female,飛騨,active
1374781427,5218,2024-07-06,castrated,飛騨,active
1656183642,5103,2024-11-15,castrated,北海道,active
0871084192,5106,2024-05-18,castrated,北海道,active
1388285362,5216,2024-08-03,castrated,曽於,active
1633185577,5101,2024-08-02,female,関,active
1675787401,5116,2024-04-05,castrated,関,active
1639487552,5105,2024-05-11,castrated,飛騨,active
1667988748,5204,2024-05-21,castrated,北海道,active
1656189316,5111,2024-03-05,female,飛騨,active
1656189323,5111,2024-04-05,female,関,active
1407689751,5208,2024-07-12,castrated,北海道,active
1388192394,5211,2023-10-29,castrated,曽於,active
1388192523,5113,2024-02-03,castrated,曽於,active
1388192530,5113,2024-02-03,castrated,曽於,active
1408892747,5107,2024-05-11,castrated,飛騨,active
1388193322,5211,2023-10-29,castrated,曽於,active
1538394241,5102,2024-12-13,castrated,北海道,active
1628694671,5213,2024-11-15,castrated,北海道,active
1685995834,5117,2024-03-30,castrated,曽於,active
1431396717,5216,2024-08-03,castrated,曽於,active
1608800689,6203,2024-10-11,castrated,北海道,active
1449000835,6215,2024-02-16,castrated,北海道,active
1676101022,6118,2024-12-07,castrated,関,active
1676101060,6115,2024-12-07,female,関,active
1674301097,6212,2024-06-07,female,関,active
1413801451,6105,2023-11-07,castrated,飛騨,active
1499801765,6104,2023-10-06,female,関,active
1499801772,6104,2023-10-06,female,関,active
1499801819,6106,2023-12-02,castrated,関,active
1499801826,6106,2023-12-02,castrated,関,active
1499801840,6106,2023-12-02,castrated,関,active
1597302010,6113,2024-09-07,female,飛騨,active
1683502041,6113,2024-10-04,female,関,active
1482002100,6113,2024-10-04,female,関,active
1482002155,6115,2024-12-07,female,関,active
1482002179,6115,2024-12-07,female,関,active
1482002193,6118,2024-12-07,castrated,関,active
1520602279,6114,2025-02-15,castrated,北海道,active
1677402357,6209,2025-02-07,castrated,関,active
1668902637,6218,2023-10-06,female,関,active
1686302846,6211,2025-04-18,castrated,北海道,active
1569503391,6205,2024-09-07,castrated,飛騨,active
1614903411,6108,2025-04-20,female,北海道,active
1580803463,6209,2025-02-07,castrated,関,active
1688303469,6216,2023-12-24,female,曽於,active
1569503643,6118,2024-12-07,castrated,関,active
1671604818,6210,2023-12-16,castrated,北海道,active
1688305722,6208,2023-09-29,female,曽於,active
1516205781,6212,2024-05-11,female,飛騨,active
0874607374,6104,2023-11-07,female,飛騨,active
1680708910,6110,2024-01-06,castrated,飛騨,active
1655009035,6210,2023-12-16,castrated,北海道,active
0875409373,6113,2024-09-07,female,飛騨,active
0871409445,6215,2024-02-16,castrated,北海道,active
0873509631,6205,2024-09-07,castrated,飛騨,active
1692510037,6203,2024-10-11,castrated,北海道,active
1694410120,6204,2024-10-11,castrated,北海道,active
0875910152,6118,2024-12-07,castrated,関,active
0875910299,6112,2025-01-11,castrated,飛騨,active
0875910435,6107,2025-01-11,castrated,飛騨,active
0875910442,6112,2025-01-11,castrated,飛騨,active
1631711228,6213,2023-11-17,castrated,北海道,active
1580713540,6109,2025-02-15,castrated,北海道,active
1690515157,6217,2024-07-06,castrated,飛騨,active
1591315221,6107,2025-01-11,castrated,飛騨,active
1518916180,6214,2024-02-16,castrated,北海道,active
1616816528,6213,2023-11-17,castrated,北海道,active
1553016883,6216,2023-12-24,female,曽於,active
1676417024,6218,2023-10-06,female,関,active
1676417185,6218,2023-10-06,female,関,active
1522317195,6201,2024-01-19,castrated,北海道,active
1631917422,6114,2025-02-15,castrated,北海道,active
1693718531,6202,2024-10-04,castrated,関,active
1691418679,6116,2025-03-19,female,北海道,active
1673818978,6114,2025-01-17,castrated,北海道,active
1553019303,6216,2023-12-24,female,曽於,active
1479719394,6109,2025-02-15,castrated,北海道,active
1672119410,6117,2025-01-11,castrated,飛騨,active
1524719881,6103,2024-11-02,female,飛騨,active
1524720306,6112,2025-01-11,castrated,飛騨,active
1704020400,6107,2025-01-11,castrated,飛騨,active
1704020646,6112,2025-01-11,castrated,飛騨,active
0874720677,6218,2023-10-06,female,関,active
0874720752,6105,2023-11-07,castrated,飛騨,active
0874721353,6212,2024-07-06,female,飛騨,active
0868123132,6209,2025-02-07,castrated,関,active
1691325274,6116,2025-03-19,female,北海道,active
1696426839,6109,2025-02-15,castrated,北海道,active
1421927228,6210,2023-12-16,castrated,北海道,active
1667727804,6104,2023-11-07,female,飛騨,active
1667727859,6110,2024-01-06,castrated,飛騨,active
1588027977,6217,2024-07-06,castrated,飛騨,active
1421628644,6214,2024-03-15,castrated,北海道,active
0869631513,6218,2023-01-21,female,自家,active
0869631544,6104,2023-03-25,female,自家,active
0869631551,6110,2023-04-20,castrated,自家,active
0863431560,6110,2023-04-22,castrated,自家,active
0863431652,6206,2023-09-04,female,自家,active
0873831688,6206,2023-11-06,female,自家,active
0873831695,6206,2023-11-07,female,自家,active
0873831749,6103,2024-02-09,female,自家,active
0873831756,6103,2024-02-18,female,自家,active
0873831763,6202,2024-02-29,castrated,自家,active
0873831770,6115,2024-02-29,female,自家,active
0873831787,6202,2024-03-10,castrated,自家,active
0873831794,6115,2024-03-17,female,自家,active
0873831800,6111,2024-04-16,female,自家,active
0873831817,6117,2024-05-01,castrated,自家,active
0873831824,6117,2024-05-01,castrated,自家,active
1413433621,6213,2023-11-17,castrated,北海道,active
1648733985,6110,2024-01-06,castrated,飛騨,active
1661636287,6202,2024-11-02,castrated,飛騨,active
1661636324,6111,2025-01-11,female,飛騨,active
1667737858,6204,2024-10-11,castrated,北海道,active
1400038020,6208,2023-09-29,female,曽於,active
1686038684,6211,2025-04-18,castrated,北海道,active
1639438820,6105,2023-11-07,castrated,飛騨,active
1658839790,6203,2024-10-11,castrated,北海道,active
0864341080,6116,2025-03-19,female,北海道,active
1675041176,6215,2024-02-16,castrated,北海道,active
1673343869,6214,2024-03-15,castrated,北海道,active
0865744248,6201,2024-01-19,castrated,北海道,active
1690944520,6114,2025-01-17,castrated,北海道,active
1694844710,6108,2025-04-20,female,北海道,active
1400046698,6216,2023-12-24,female,曽於,active
1679347885,6217,2024-07-06,castrated,飛騨,active
1669848033,6205,2024-09-07,castrated,飛騨,active
1656348195,6106,2023-12-02,castrated,関,active
1669848330,6112,2025-01-11,castrated,飛騨,active
1664549096,6206,2024-07-06,female,飛騨,active
1687449540,6205,2024-09-07,castrated,飛騨,active
1678749741,6105,2023-10-06,castrated,関,active
1360849841,6202,2024-11-02,castrated,飛騨,active
1658851549,6204,2024-10-11,castrated,北海道,active
1428352764,6211,2025-04-18,castrated,北海道,active
1421753162,6209,2025-02-07,castrated,関,active
1388453341,6201,2023-12-16,castrated,北海道,active
1647358196,6201,2024-01-19,castrated,北海道,active
1394358494,6206,2024-07-06,female,飛騨,active
1633166712,6203,2024-10-11,castrated,北海道,active
0876266791,6211,2025-04-18,castrated,北海道,active
1425767301,6116,2025-03-19,female,北海道,active
1406767702,6107,2025-01-11,castrated,飛騨,active
1638767945,6213,2023-11-21,castrated,北海道,active
1662568310,6116,2025-03-19,female,北海道,active
1447768317,6108,2025-04-20,female,北海道,active
1689068886,6103,2024-11-02,female,曽於,active
1383369838,6214,2024-03-15,castrated,北海道,active
1519169882,6111,2025-01-11,female,飛騨,active
1396471511,6209,2025-02-07,castrated,関,active
1630472304,6210,2023-12-16,castrated,北海道,active
1630472373,6214,2024-03-15,castrated,北海道,active
1678773470,6212,2024-06-07,female,関,active
1679475205,6204,2024-10-11,castrated,北海道,active
1647775931,6211,2025-04-18,castrated,北海道,active
1664377323,6117,2024-12-07,castrated,関,active
1633178029,6213,2023-11-21,castrated,北海道,active
1688578195,6108,2025-04-20,female,北海道,active
1374079463,6103,2024-11-02,female,飛騨,active
1668479795,6215,2024-02-16,castrated,北海道,active
1393979867,6205,2024-09-07,castrated,飛騨,active
1374781762,6111,2025-01-11,female,飛騨,active
1636783619,6109,2025-02-15,castrated,北海道,active
0872185997,6117,2025-01-11,castrated,飛騨,active
0872186017,6107,2025-01-11,castrated,飛騨,active
1638686185,6204,2024-10-11,castrated,北海道,active
1400286957,6203,2024-10-11,castrated,北海道,active
1521087310,6106,2023-12-02,castrated,関,active
1659487365,6105,2023-10-06,castrated,関,active
1670087414,6201,2024-01-19,castrated,北海道,active
1681687443,6109,2025-02-15,castrated,北海道,active
1661587558,6212,2024-07-06,female,飛騨,active
0875888116,6108,2025-04-20,female,北海道,active
1670189729,6113,2024-10-04,female,関,active
1388193537,6216,2023-12-24,female,曽於,active
1488094161,6217,2024-07-06,castrated,飛騨,active
1683694425,6118,2024-12-07,castrated,関,active
1670194952,6111,2025-01-11,female,飛騨,active
1634197982,6114,2025-01-17,castrated,北海道,active
1675798155,6217,2024-07-06,castrated,飛騨,active
0874098745,6210,2023-12-16,castrated,北海道,active
1465500548,9107,2025-01-17,castrated,北海道,active
1419700673,9203,2025-03-19,female,北海道,active
1669200763,9106,2024-07-12,castrated,北海道,active
1687301855,9206,2025-01-17,castrated,北海道,active
1520602132,9107,2025-01-17,castrated,北海道,active
1688303704,9104,2023-12-02,female,曽於,active
1683504625,9107,2025-01-17,castrated,北海道,active
1518806030,9102,2024-09-13,castrated,北海道,active
0874208540,9101,2024-05-18,castrated,北海道,active
1678809469,9101,2024-05-18,castrated,北海道,active
1683909871,9101,2024-05-18,castrated,北海道,active
1682310685,9201,2025-03-19,female,北海道,active
1680911457,9205,2024-09-13,castrated,北海道,active
1680911495,9103,2025-04-18,castrated,北海道,active
1672412122,9206,2025-01-17,castrated,北海道,active
1632613149,9206,2025-01-17,castrated,北海道,active
1625413770,9205,2024-09-13,castrated,北海道,active
1703516645,9207,2025-02-15,castrated,北海道,active
1534218107,9102,2024-09-13,castrated,北海道,active
1642418871,9203,2025-03-19,female,北海道,active
0875019329,9205,2024-09-13,castrated,北海道,active
1527819373,9104,2023-12-02,female,曽於,active
1479221781,9102,2024-09-13,castrated,北海道,active
1597124117,9104,2023-12-02,female,曽於,active
1674324829,9206,2025-01-17,castrated,北海道,active
1424226328,9203,2025-03-19,female,北海道,active
1375628035,9105,2024-09-28,castrated,曽於,active
0875928454,9107,2025-01-17,castrated,北海道,active
0875928461,9207,2025-02-15,castrated,北海道,active
1375628509,9105,2024-09-28,castrated,曽於,active
1597128696,9202,2024-02-03,female,曽於,active
1597128955,9202,2024-02-03,female,曽於,active
1383730263,9101,2024-05-18,castrated,北海道,active
1375631707,9105,2024-09-28,castrated,曽於,active
1400032295,9204,2024-04-29,female,曽於,active
1375632858,9105,2024-09-28,castrated,曽於,active
0868134602,9106,2024-07-12,castrated,北海道,active
1668535811,9106,2024-07-12,castrated,北海道,active
1602437966,9106,2024-07-12,castrated,北海道,active
1413338964,9205,2024-09-13,castrated,北海道,active
1658839707,9106,2024-07-12,castrated,北海道,active
1638640965,9203,2023-09-15,castrated,北海道,active
1596341867,9207,2025-02-15,castrated,北海道,active
1679342903,9102,2024-09-13,castrated,北海道,active
0871842969,9107,2025-01-17,castrated,北海道,active
1658443690,9103,2025-04-18,castrated,北海道,active
1690944537,9207,2025-02-15,castrated,北海道,active
1396947603,9101,2024-05-18,castrated,北海道,active
1403048767,9105,2024-09-28,castrated,曽於,active
1690551087,9203,2025-03-19,female,北海道,active
1658452227,9204,2024-04-29,female,曽於,active
1661552365,9102,2024-09-13,castrated,北海道,active
1686856257,9103,2025-04-18,castrated,北海道,active
1689059587,9204,2024-04-29,female,曽於,active
1682064588,9201,2025-03-19,female,北海道,active
1428470192,9202,2024-02-03,female,曽於,active
1686672611,9203,2025-03-19,female,北海道,active
1681580447,9205,2024-09-13,castrated,北海道,active
1687483377,9202,2024-02-03,female,曽於,active
0875888161,9103,2025-04-18,castrated,北海道,active
1431391392,9204,2024-04-29,female,曽於,active
1670191630,9201,2025-03-19,female,北海道,active
0872592214,9207,2025-02-15,castrated,北海道,active
0872592559,9201,2025-03-19,female,北海道,active
1388193445,9104,2023-12-02,female,曽於,active
1361594993,9206,2025-01-17,castrated,北海道,active
1388197078,9104,2023-12-02,female,曽於,active
1685997111,9204,2024-04-29,female,曽於,active
1388198167,9202,2024-02-03,female,曽於,active
0875598213,9201,2025-03-19,female,北海道,active
0873831879,0109,2024-08-19,female,自家,active
0873831886,独房７,2024-08-16,castrated,自家,active
0873831893,0109,2024-08-28,female,自家,active
0873831909,0109,2024-09-08,female,自家,active
0873831916,哺乳,2024-09-30,female,自家,active
0873831923,0109,2024-10-02,female,自家,active
0873831930,0109,2024-10-04,female,自家,active
0873831947,育成,2024-11-16,female,自家,active
0873831954,育成,2024-12-04,castrated,自家,active
0873831961,育成,2024-12-17,female,自家,active
0873831978,育成,2024-12-18,castrated,自家,active
0873831985,育成,2024-12-28,castrated,自家,active
0873831992,哺乳,2025-02-11,female,自家,active
0859532004,哺乳,2025-02-12,female,自家,active
0859532011,哺乳,2025-02-19,castrated,自家,active
0859532028,哺乳,2025-02-20,female,自家,active
0859532035,哺乳,2025-03-13,castrated,自家,active
0859532042,哺乳,2025-04-02,female,自家,active
0859532059,哺乳,2025-04-24,female,自家,active
1658701653,0107,2023-04-07,female,関,active
1660405396,0108,2023-09-05,female,飛騨,active
1616709608,0105,2021-04-09,female,関,active
1509819353,0103,2016-04-29,female,曽於,active
1527820751,0108,2024-04-29,female,曽於,active
1567325148,0106,2022-12-02,female,曽於,active
1478725389,0104,2016-11-28,female,曽於,active
0861726316,0103,2015-07-11,female,北海道,active
1395329387,0102,2017-03-30,female,曽於,active
0869631377,0107,2022-07-18,female,自家,active
1391132226,0105,2022-04-29,female,曽於,active
1384834908,0102,2017-06-01,female,曽於,active
1508540760,0104,2019-09-27,female,曽於,active
1420441435,0106,2016-11-28,female,曽於,active
1428141474,0105,2021-04-09,female,関,active
1385542406,0106,2022-10-30,female,曽於,active
1357947536,0103,2016-04-29,female,曽於,active
1363649837,0107,2023-02-03,female,関,active
1379162801,0104,2019-09-27,female,曽於,active
1420974940,0107,2023-03-30,female,曽於,active
1466680423,0105,2021-08-29,female,曽於,active
1508587185,0108,2023-09-05,female,飛騨,active
1384991410,0106,2022-10-30,female,曽於,active
1371791917,0102,2016-12-22,female,曽於,active
1537197751,0102,2017-04-29,female,曽於,active
